{"cameraMode":{"drawMode":0,"name":"Shaded","section":"Shading Mode"},"sceneLighting":true,"audioPlay":false,"sceneViewState":{"showFog":true,"showMaterialUpdate":false,"showSkybox":true,"showFlares":true,"showImageEffects":true,"showParticleSystems":true},"in2DMode":false,"pivot":{"x":505.5000305175781,"y":289.7655944824219,"z":0.0},"rotation":{"x":-0.004499979317188263,"y":0.00029656116385012865,"z":0.0000014310736560219084,"w":0.9999900460243225},"size":274.61114501953127,"orthographic":false}